id,brand,model,type,phases,connection,nominal_kwh,usable_kwh,dod,max_charge_w,max_discharge_w,rte,standby_w,cycle_life,eol_capacity,warranty_years,warranty_mwh,warranty_self_install,expandable_max_modules,control_interface,needs_meter,price_nl_incl_vat,price_nl_lowest_incl_vat,price_nl_lowest_date,price_de_excl_vat,extra_hardware_eur,source_url,retrieved_at,verified,notes,tweakers_url,idealo_url,shop_urls,backup_socket_w,outage_solar,dc_solar_input_w,price_blackfriday_nl_incl_vat,price_blackfriday_de_excl_vat
marstek_v3_5,Marstek,Venus E 3.0 5.12 kWh,plug_in,1,own_group,5.12,,0.9,2500,2500,,,6000,,10,,yes,9 (46 kWh),,P1 (HomeWizard OK),1199.00,1199.00,2026-10-05,,0,https://www.123accu.nl/Thuisbatterij/Marstek-thuisbatterij-p3857305.html,2026-10-05,partial,"Own group (eigen groep) for full discharge power; electrician cost for a new group not included (set extra_hardware_eur). 123accu EUR 1199.00; thuisbatterij.nl EUR 1199.95 (was 1295). DoD 90%, 6000 cycles (123accu).",https://tweakers.net/pricewatch/2339462/marstek-venus-e-30-per-stuk.html,,https://thuisbatterij.nl/winkel/marstek-venus-e-versie-3/|v3_5_kwh&al_een https://www.123accu.nl/Thuisbatterij/Marstek-thuisbatterij-p3857305.html|,2500,not stated (backup socket for devices only),,,
marstek_v3_5_plug,Marstek,"Venus E 3.0 5.12 kWh (socket, 800 W)",plug_in,1,plug,5.12,,0.9,2500,800,,,6000,,10,,yes,,,P1 (HomeWizard OK),1199.00,1199.00,2026-10-05,,0,https://www.123accu.nl/Thuisbatterij/Marstek-thuisbatterij-p3857305.html,2026-10-05,partial,On an existing group discharge is limited to 800 W; charging 2500 W (thuisbatterij.nl).,,,https://thuisbatterij.nl/winkel/marstek-venus-e-versie-3/|v3_5_kwh&al_een https://www.123accu.nl/Thuisbatterij/Marstek-thuisbatterij-p3857305.html|,2500,not stated (backup socket for devices only),,,
marstek_v3_10,Marstek,Venus E 3.0 2x 10.24 kWh,plug_in,1,own_group,10.24,,0.9,5000,5000,,,6000,,10,,yes,,,P1 (HomeWizard OK),2350.00,2350.00,2026-10-05,,0,https://thuisbatterij.nl/winkel/marstek-venus-e-versie-3/,2026-10-05,partial,"Own group (eigen groep) for full discharge power; electrician cost for a new group not included (set extra_hardware_eur). thuisbatterij.nl EUR 2350 (was 2499). Two modules, each with its own 2.5 kW inverter.",,,https://thuisbatterij.nl/winkel/marstek-venus-e-versie-3/|10_kwh&al_een,2500,not stated (backup socket for devices only),,,
marstek_v3_15,Marstek,Venus E 3.0 3x 15.36 kWh,plug_in,1,own_group,15.36,,0.9,7500,7500,,,6000,,10,,yes,,,P1 (HomeWizard OK),3450.00,3450.00,2026-10-05,,0,https://thuisbatterij.nl/winkel/marstek-venus-e-versie-3/,2026-10-05,partial,Own group (eigen groep) for full discharge power; electrician cost for a new group not included (set extra_hardware_eur). thuisbatterij.nl EUR 3450 (was 3675). Max 3 modules on one phase.,,,https://thuisbatterij.nl/winkel/marstek-venus-e-versie-3/|15kwh&al_een,2500,not stated (backup socket for devices only),,,
marstek_v4_5,Marstek,Venus E 4.0 5 kWh,plug_in,1,own_group,5.0,,,3000,3000,,,10000,,10,,yes,,,P1 (HomeWizard OK),1674.00,1674.00,2026-10-05,,0,https://thuisbatterij.nl/winkel/marstek-venus-e-4-0/,2026-10-05,partial,"Own group (eigen groep) for full discharge power; electrician cost for a new group not included (set extra_hardware_eur). thuisbatterij.nl EUR 1674 (with own P1 meter). 10 yr or 10,000 cycles warranty.",,,https://thuisbatterij.nl/winkel/marstek-venus-e-4-0/|(5_kwh)&al_p1,3000,not stated (backup socket for devices only),,,
marstek_v4_10,Marstek,Venus E 4.0 2x 10 kWh,plug_in,1,own_group,10.0,,,6000,6000,,,10000,,10,,yes,,,P1 (HomeWizard OK),3324.00,3324.00,2026-10-05,,0,https://thuisbatterij.nl/winkel/marstek-venus-e-4-0/,2026-10-05,partial,Own group (eigen groep) for full discharge power; electrician cost for a new group not included (set extra_hardware_eur). thuisbatterij.nl EUR 3324.,,,https://thuisbatterij.nl/winkel/marstek-venus-e-4-0/|(10_kwh)&al_p1,3000,not stated (backup socket for devices only),,,
marstek_max_10,Marstek,Venus E Max 10 kWh,plug_in,1,own_group,10.0,,,3600,3600,,,,,10,,yes,,,P1 (HomeWizard OK),2499.00,2499.00,2026-10-05,,0,https://thuisbatterij.nl/winkel/marstek-venus-e-max/,2026-10-05,partial,Own group (eigen groep) for full discharge power; electrician cost for a new group not included (set extra_hardware_eur). thuisbatterij.nl EUR 2499. Cycle life not stated.,,,https://thuisbatterij.nl/winkel/marstek-venus-e-max/|10_kwh&al_een,3600,not stated (backup socket for devices only),,,
anker_max_7,Anker,SOLIX Solarbank Max AC 7 kWh,plug_in,1,own_group,7.0,,1.0,3500,3500,,,10000,,10,,yes,,,P1 (HomeWizard OK),1999.00,1999.00,2026-10-05,,0,https://thuisbatterij.nl/winkel/anker-solix-solarbank-max-ac/,2026-10-05,partial,"Own group (eigen groep) for full discharge power; electrician cost for a new group not included (set extra_hardware_eur). thuisbatterij.nl and 123accu EUR 1999 (was 2499). DoD 100%, 10,000 cycles (123accu). 123accu includes a free P1 meter.",,,https://thuisbatterij.nl/winkel/anker-solix-solarbank-max-ac/|max_ac_7_kwh https://www.123accu.nl/Thuisbatterij/Anker-thuisbatterij-p3963144.html|7_kWh_plug-in_thuisbatterij,3680,not stated (backup socket for devices only),,,
anker_max_7_plug,Anker,"SOLIX Solarbank Max AC 7 kWh (socket, 800 W)",plug_in,1,plug,7.0,,1.0,3500,800,,,10000,,10,,yes,,,P1 (HomeWizard OK),1999.00,1999.00,2026-10-05,,0,https://thuisbatterij.nl/winkel/anker-solix-solarbank-max-ac/,2026-10-05,partial,On an existing group discharge is limited to 800 W.,,,https://thuisbatterij.nl/winkel/anker-solix-solarbank-max-ac/|max_ac_7_kwh https://www.123accu.nl/Thuisbatterij/Anker-thuisbatterij-p3963144.html|7_kWh_plug-in_thuisbatterij,3680,not stated (backup socket for devices only),,,
anker_max_14,Anker,SOLIX Solarbank Max AC 14 kWh,plug_in,1,own_group,14.0,,1.0,3500,3500,,,10000,,10,,yes,,,P1 (HomeWizard OK),3698.00,3698.00,2026-10-05,,0,https://thuisbatterij.nl/winkel/anker-solix-solarbank-max-ac/,2026-10-05,partial,Own group (eigen groep) for full discharge power; electrician cost for a new group not included (set extra_hardware_eur). thuisbatterij.nl and 123accu EUR 3698. One 3.5 kW inverter.,,,https://thuisbatterij.nl/winkel/anker-solix-solarbank-max-ac/|14_kwh https://www.123accu.nl/Thuisbatterij/Anker-thuisbatterij-p3963144.html|14_kWh,3680,not stated (backup socket for devices only),,,
ecoflow_stream_5,EcoFlow,STREAM AC 5000 5 kWh,plug_in,1,own_group,5.0,,,2500,2500,,,10000,,10,,yes,,,P1 (HomeWizard OK),1599.00,1599.00,2026-10-05,,0,https://thuisbatterij.nl/winkel/ecoflow-stream-ac-5000/,2026-10-05,partial,Own group (eigen groep) for full discharge power; electrician cost for a new group not included (set extra_hardware_eur). thuisbatterij.nl EUR 1599 (was 1699). Discharge power on own group not stated: assumed equal to charge power.,,,https://thuisbatterij.nl/winkel/ecoflow-stream-ac-5000/|5000_5_kwh,3000,not stated (backup socket for devices only),,,
ecoflow_stream_10,EcoFlow,STREAM AC 5000 10 kWh,plug_in,1,own_group,10.0,,,3000,3000,,,10000,,10,,yes,,,P1 (HomeWizard OK),2798.00,2798.00,2026-10-05,,0,https://thuisbatterij.nl/winkel/ecoflow-stream-ac-5000/,2026-10-05,partial,Own group (eigen groep) for full discharge power; electrician cost for a new group not included (set extra_hardware_eur). thuisbatterij.nl EUR 2798. 3000 W with an extra module; discharge assumed equal.,,,https://thuisbatterij.nl/winkel/ecoflow-stream-ac-5000/|10_kwh,3000,not stated (backup socket for devices only),,,
indevolt_sf3000_5,Indevolt,SolidFlex 3000 AC 5.4 kWh,plug_in,1,own_group,5.4,,,3000,3000,,,8000,,10,,yes,,,P1 (HomeWizard OK),1499.00,1499.00,2026-10-05,,0,https://thuisbatterij.nl/winkel/indevolt-solidflex-3000/,2026-10-05,partial,"Own group (eigen groep) for full discharge power; electrician cost for a new group not included (set extra_hardware_eur). thuisbatterij.nl EUR 1650 (with own P1/CT meter). 10 yr and 8,000 cycles.",,,https://thuisbatterij.nl/winkel/indevolt-solidflex-3000/|5.4kwh&al_een,3000,not stated (backup socket for devices only),,,
indevolt_sf3000_9,Indevolt,SolidFlex 3000 AC 9 kWh,plug_in,1,own_group,9.0,,,3000,3000,,,8000,,10,,yes,,,P1 (HomeWizard OK),2249.00,2249.00,2026-10-05,,0,https://thuisbatterij.nl/winkel/indevolt-solidflex-3000/,2026-10-05,partial,Own group (eigen groep) for full discharge power; electrician cost for a new group not included (set extra_hardware_eur). thuisbatterij.nl EUR 2450.,,,https://thuisbatterij.nl/winkel/indevolt-solidflex-3000/|9_kwh&al_een,3000,not stated (backup socket for devices only),,,
aeg_bbl09_4_8,AEG,AS-BBL09 4.8 kWh,plug_in,1,own_group,4.8,,0.9,2400,2400,,,,,10,,yes,,,P1 (HomeWizard OK),1495.00,1495.00,2026-10-05,,0,https://www.123accu.nl/Thuisbatterij/AEG-thuisbatterij-p3857302.html,2026-10-05,partial,Own group (eigen groep) for full discharge power; electrician cost for a new group not included (set extra_hardware_eur). 123accu EUR 1495 incl. free P1 meter. DoD 90%. Warranty 10 yr (BMS). Cycle life not stated.,,,https://www.123accu.nl/Thuisbatterij/AEG-thuisbatterij-p3857302.html|BBL09_4.8_kWh_plug-in,2500,not stated (backup socket for devices only),,,
aeg_bbl09_9_6,AEG,AS-BBL09 9.6 kWh,plug_in,1,own_group,9.6,,0.9,2400,2400,,,,,10,,yes,,,P1 (HomeWizard OK),2699.00,2699.00,2026-10-05,,0,https://www.123accu.nl/Thuisbatterij/AEG-thuisbatterij-p3857302.html,2026-10-05,partial,Own group (eigen groep) for full discharge power; electrician cost for a new group not included (set extra_hardware_eur). 123accu EUR 2699.,,,https://www.123accu.nl/Thuisbatterij/AEG-thuisbatterij-p3857302.html|BBL09_9.6_kWh,2500,not stated (backup socket for devices only),,,
jackery_sv3_ac_5,Jackery,SolarVault 3 Pro Max AC 5.04 kWh,plug_in,1,own_group,5.04,,0.9,2500,2500,,,,,10,,yes,,,P1 (HomeWizard OK),1578.00,1578.00,2026-10-05,,0,https://www.123accu.nl/Thuisbatterij/Jackery-thuisbatterij-p3927866.html,2026-10-05,partial,Own group (eigen groep) for full discharge power; electrician cost for a new group not included (set extra_hardware_eur). 123accu EUR 1578. DoD 90%. Cycle life and warranty years not stated (default).,,,https://www.123accu.nl/Thuisbatterij/Jackery-thuisbatterij-p3927866.html|Max_AC_5.04_kWh,2500,not stated (backup socket for devices only),,,
hoymiles_4020,Hoymiles,HiBattery 4020 AC 4.02 kWh,plug_in,1,own_group,4.02,,,2500,2500,,,,,10,,yes,,,P1 (HomeWizard OK),1248.00,1248.00,2026-10-05,,0,https://www.123accu.nl/Hoymiles-HiBattery-4020-AC-4-02-kWh-plug-in-thuisbatterij-i59810.html,2026-10-05,partial,"Own group (eigen groep) for full discharge power; electrician cost for a new group not included (set extra_hardware_eur). 123accu EUR 1248. Cycle life, DoD and warranty years not stated (defaults).",,,https://www.123accu.nl/Hoymiles-HiBattery-4020-AC-4-02-kWh-plug-in-thuisbatterij-i59810.html|4020,2500,not stated (backup socket for devices only),,,
marstek_venus_a_6,Marstek,Venus A 6.36 kWh,plug_in,1,own_group,6.36,,,1200,1200,,,,,,,yes,,,,1699,,,,0,"comparison table ""Plug-in thuisbatterij tot 7 kWh"" supplied by Rick (image)",2026-10-02,partial,"Capacity, max power on own group and total price from the supplied comparison table; charge power assumed equal to discharge power. DoD, RTE, standby, cycle life and warranty not stated (defaults).",,,,,,,,
jackery_sv3pro_5,Jackery,SolarVault 3 Pro 5.04 kWh,plug_in,1,own_group,5.04,,,1200,1200,,,,,,,yes,,,,1478,,,,0,"comparison table ""Plug-in thuisbatterij tot 7 kWh"" supplied by Rick (image)",2026-10-02,partial,"Capacity, max power on own group and total price from the supplied comparison table; charge power assumed equal to discharge power. DoD, RTE, standby, cycle life and warranty not stated (defaults).",,,,,,,,
marstek_venus_a_4,Marstek,Venus A 4.24 kWh,plug_in,1,own_group,4.24,,,1200,1200,,,,,,,yes,,,,1250,,,,0,"comparison table ""Plug-in thuisbatterij tot 7 kWh"" supplied by Rick (image)",2026-10-02,partial,"Capacity, max power on own group and total price from the supplied comparison table; charge power assumed equal to discharge power. DoD, RTE, standby, cycle life and warranty not stated (defaults).",,,,,,,,
ecoflow_ac_pro_4,EcoFlow,STREAM AC Pro 3.84 kWh,plug_in,1,own_group,3.84,,,1200,1200,,,,,,,yes,,,,1299,,,,0,"comparison table ""Plug-in thuisbatterij tot 7 kWh"" supplied by Rick (image)",2026-10-02,partial,"Capacity, max power on own group and total price from the supplied comparison table; charge power assumed equal to discharge power. DoD, RTE, standby, cycle life and warranty not stated (defaults).",,,,,,,,
zendure_2400acplus_5,Zendure,SolarFlow 2400 AC+ 5.28 kWh,plug_in,1,own_group,5.28,,,2400,2400,,,,,,,yes,,,,1818,,,,0,"comparison table ""Plug-in thuisbatterij tot 7 kWh"" supplied by Rick (image)",2026-10-02,partial,"Capacity, max power on own group and total price from the supplied comparison table; charge power assumed equal to discharge power. DoD, RTE, standby, cycle life and warranty not stated (defaults).",,,,,,,,
zendure_1600acplus_6,Zendure,SolarFlow 1600 AC+ 5.76 kWh,plug_in,1,own_group,5.76,,,1600,1600,,,,,,,yes,,,,2007,,,,0,"comparison table ""Plug-in thuisbatterij tot 7 kWh"" supplied by Rick (image)",2026-10-02,partial,"Capacity, max power on own group and total price from the supplied comparison table; charge power assumed equal to discharge power. DoD, RTE, standby, cycle life and warranty not stated (defaults).",,,,,,,,
ecoflow_ac_pro_2,EcoFlow,STREAM AC Pro 1.92 kWh,plug_in,1,own_group,1.92,,,1200,1200,,,,,,,yes,,,,699,,,,0,"comparison table ""Plug-in thuisbatterij tot 7 kWh"" supplied by Rick (image)",2026-10-02,partial,"Capacity, max power on own group and total price from the supplied comparison table; charge power assumed equal to discharge power. DoD, RTE, standby, cycle life and warranty not stated (defaults).",,,,,,,,
marstek_venus_a_2,Marstek,Venus A 2.12 kWh,plug_in,1,own_group,2.12,,,1200,1200,,,,,,,yes,,,,750,,,,0,"comparison table ""Plug-in thuisbatterij tot 7 kWh"" supplied by Rick (image)",2026-10-02,partial,"Capacity, max power on own group and total price from the supplied comparison table; charge power assumed equal to discharge power. DoD, RTE, standby, cycle life and warranty not stated (defaults).",,,,,,,,
jackery_sv3pro_2,Jackery,SolarVault 3 Pro 2.52 kWh,plug_in,1,own_group,2.52,,,1200,1200,,,,,,,yes,,,,969,,,,0,"comparison table ""Plug-in thuisbatterij tot 7 kWh"" supplied by Rick (image)",2026-10-02,partial,"Capacity, max power on own group and total price from the supplied comparison table; charge power assumed equal to discharge power. DoD, RTE, standby, cycle life and warranty not stated (defaults).",,,,,,,,
zendure_1600acplus_2,Zendure,SolarFlow 1600 AC+ 1.92 kWh,plug_in,1,own_group,1.92,,,1600,1600,,,,,,,yes,,,,789,,,,0,"comparison table ""Plug-in thuisbatterij tot 7 kWh"" supplied by Rick (image)",2026-10-02,partial,"Capacity, max power on own group and total price from the supplied comparison table; charge power assumed equal to discharge power. DoD, RTE, standby, cycle life and warranty not stated (defaults).",,,,,,,,
homewizard_5_4,HomeWizard,Plug-In Battery 2x 5.4 kWh,plug_in,1,own_group,5.4,,,1600,1600,,,,,,,yes,,,,2390,,,,0,"comparison table ""Plug-in thuisbatterij tot 7 kWh"" supplied by Rick (image)",2026-10-02,partial,"Capacity, max power on own group and total price from the supplied comparison table; charge power assumed equal to discharge power. DoD, RTE, standby, cycle life and warranty not stated (defaults).",,,,,,,,
homewizard_2_7,HomeWizard,Plug-In Battery 2.7 kWh,plug_in,1,plug,2.7,,,800,800,,,,,,,yes,,,,1195,,,,0,"comparison table ""Plug-in thuisbatterij tot 7 kWh"" supplied by Rick (image)",2026-10-02,partial,"Capacity, max power on own group and total price from the supplied comparison table; charge power assumed equal to discharge power. DoD, RTE, standby, cycle life and warranty not stated (defaults).",,,,,,,,
zendure_2400acplus_2,Zendure,SolarFlow 2400 AC+ 2.4 kWh,plug_in,1,own_group,2.4,,,2400,2400,,,,,,,yes,,,,1089,,,,0,"comparison table ""Plug-in thuisbatterij tot 7 kWh"" supplied by Rick (image)",2026-10-02,partial,"Capacity, max power on own group and total price from the supplied comparison table; charge power assumed equal to discharge power. DoD, RTE, standby, cycle life and warranty not stated (defaults).",,,,,,,,
indevolt_pf2000_hyb_6,Indevolt,PowerFlex 2000 hybride 6 kWh,hybrid,1,own_group,6,,,2400,2400,,,8000,,10,,yes,,,P1 or CT (HomeWizard OK),1650.00,1650.00,2026-10-05,,0,https://thuisbatterij.nl/winkel/indevolt-powerflex-2000/,2026-10-05,partial,"Hybrid power module (2 kWh) + 4 kWh module = 6 kWh (capacity split as listed by the shop, verify). 4 MPPT inputs (600 W each); shop states a micro-inverter can be connected to the backup port. Off-grid: 1000 W with power module only, 2400 W with extension modules. 10 yr or 8,000 cycles. thuisbatterij.nl EUR 1650.",,,https://thuisbatterij.nl/winkel/indevolt-powerflex-2000/|ajax:attribute_omvormer=Powerflex hybride 2 kWh;attribute_extra-opslag=1 batterij module 4 kWh;attribute_pa_type-p1-meter=ik-heb-al-een-p1-of-ct-meter-van-indevolt,2400,"yes: DC panels on the battery (4 MPPT, 2400 W) and a micro-inverter on the backup port",2400,,
indevolt_sf2000_hyb_5,Indevolt,SolidFlex 2000 hybride 5.4 kWh,hybrid,1,own_group,5.4,,,2400,2400,,,8000,,10,,yes,,,P1 or CT (HomeWizard OK),1499.00,1499.00,2026-10-05,,0,https://thuisbatterij.nl/winkel/indevolt-solidflex-2000/,2026-10-05,partial,"Hybrid main module with 1.8 kWh + 3.6 kWh module. 4 MPPT inputs (600 W each). Off-grid: 1000 W with main module only, 2400 W with two or more extension modules. 10 yr and 8,000 cycles. thuisbatterij.nl EUR 1499 (was 1649).",,,https://thuisbatterij.nl/winkel/indevolt-solidflex-2000/|ajax:attribute_omvormer=Solidflex hybride;attribute_extra-capaciteit=1 SFA3600 batterij module 3.6 kWh;attribute_pa_type-p1-meter=ik-heb-al-een-p1-of-ct-meter-van-indevolt,2400,"yes: DC panels on the battery (4 MPPT, 2400 W)",2400,,
indevolt_sf2000_hyb_9,Indevolt,SolidFlex 2000 hybride 9 kWh,hybrid,1,own_group,9,,,2400,2400,,,8000,,10,,yes,,,P1 or CT (HomeWizard OK),2199.00,2199.00,2026-10-05,,0,https://thuisbatterij.nl/winkel/indevolt-solidflex-2000/,2026-10-05,partial,Hybrid main module 1.8 kWh + 2x 3.6 kWh. 4 MPPT inputs. thuisbatterij.nl EUR 2199 (was 2495).,,,https://thuisbatterij.nl/winkel/indevolt-solidflex-2000/|ajax:attribute_omvormer=Solidflex hybride;attribute_extra-capaciteit=2 SFA3600 batterij modules 7.2 kWh;attribute_pa_type-p1-meter=ik-heb-al-een-p1-of-ct-meter-van-indevolt,2400,"yes: DC panels on the battery (4 MPPT, 2400 W)",2400,,
