id,supplier,product,type,duration_months,price_single_excl_vat,price_t1_excl_vat,price_t2_excl_vat,markup_excl_vat,fixed_delivery_eur_month_excl_vat,feed_in_eur_kwh_excl_vat,feed_in_markup_excl_vat,feed_in_cost_eur_kwh_excl_vat,feed_in_cost_tiers,welcome_bonus_eur,cancellation_fee_eur,netting_method,post2027_feed_in_eur_kwh_excl_vat,post2027_feed_in_cost_tiers,post2027_feed_in_cost_eur_kwh_excl_vat,source_url,retrieved_at,verified,notes
dyn_powerpeers,Powerpeers,Dynamisch,dynamic,12,,,,0.00744,5.1653,,0,0,,330.0,0,spot_kwh_net,,,,https://www.energievergelijk.nl/dynamisch-energiecontract,2026-10-02,partial,"Vastrecht and inkoopkosten from energievergelijk.nl, assumed incl. VAT (converted /1.21). No terugleverkosten (confirmed by Rick, 2026-10-02). Feed-in compensation not listed: modelled as spot price (verify). Overstapkorting EUR 330 as listed for stroom+gas; may be lower for electricity only."
dyn_budget_thuis,Budget Thuis,Dynamisch,dynamic,12,,,,0.01405,4.9504,,0,0,,335.0,0,spot_kwh_net,,,,https://www.energievergelijk.nl/dynamisch-energiecontract,2026-10-02,partial,"Vastrecht and inkoopkosten from energievergelijk.nl, assumed incl. VAT (converted /1.21). No terugleverkosten (confirmed by Rick, 2026-10-02). Feed-in compensation not listed: modelled as spot price (verify). Overstapkorting EUR 335 as listed for stroom+gas; may be lower for electricity only."
dyn_zonneplan,Zonneplan,Dynamisch,dynamic,12,,,,0.01653,5.1653,,0,0,,0.0,0,spot_kwh_net,,,,https://www.energievergelijk.nl/dynamisch-energiecontract,2026-10-02,partial,"Vastrecht and inkoopkosten from energievergelijk.nl, assumed incl. VAT (converted /1.21). No terugleverkosten (confirmed by Rick, 2026-10-02). Feed-in compensation not listed: modelled as spot price (verify). Overstapkorting 15% (not modelled)."
dyn_pure_energie,Pure Energie,Dynamisch,dynamic,12,,,,0.01653,5.0,,0,0,,360.0,0,spot_kwh_net,,,,https://www.energievergelijk.nl/dynamisch-energiecontract,2026-10-02,partial,"Vastrecht and inkoopkosten from energievergelijk.nl, assumed incl. VAT (converted /1.21). No terugleverkosten (confirmed by Rick, 2026-10-02). Feed-in compensation not listed: modelled as spot price (verify). Overstapkorting EUR 360 as listed for stroom+gas; may be lower for electricity only."
dyn_vandebron,Vandebron,Dynamisch,dynamic,12,,,,0.02149,5.7851,,0,0,,355.0,0,spot_kwh_net,,,,https://www.energievergelijk.nl/dynamisch-energiecontract,2026-10-02,partial,"Vastrecht and inkoopkosten from energievergelijk.nl, assumed incl. VAT (converted /1.21). No terugleverkosten (confirmed by Rick, 2026-10-02). Feed-in compensation not listed: modelled as spot price (verify). Overstapkorting EUR 355 as listed for stroom+gas; may be lower for electricity only."
dyn_vattenfall,Vattenfall,Dynamisch,dynamic,12,,,,0.02149,4.9504,,0,0,,200.0,0,spot_kwh_net,,,,https://www.energievergelijk.nl/dynamisch-energiecontract,2026-10-02,partial,"Vastrecht and inkoopkosten from energievergelijk.nl, assumed incl. VAT (converted /1.21). No terugleverkosten (confirmed by Rick, 2026-10-02). Feed-in compensation not listed: modelled as spot price (verify). Overstapkorting EUR 200 as listed for stroom+gas; may be lower for electricity only."
dyn_energiedirect,Energiedirect,Dynamisch,dynamic,12,,,,0.01736,5.7769,,0,0,,75.0,0,spot_kwh_net,,,,https://www.energievergelijk.nl/dynamisch-energiecontract,2026-10-02,partial,"Vastrecht and inkoopkosten from energievergelijk.nl, assumed incl. VAT (converted /1.21). No terugleverkosten (confirmed by Rick, 2026-10-02). Feed-in compensation not listed: modelled as spot price (verify). Overstapkorting EUR 75 as listed for stroom+gas; may be lower for electricity only."
dyn_essent,Essent,Dynamisch,dynamic,12,,,,0.02066,6.1901,,0,0,,75.0,0,spot_kwh_net,,,,https://www.energievergelijk.nl/dynamisch-energiecontract,2026-10-02,partial,"Vastrecht and inkoopkosten from energievergelijk.nl, assumed incl. VAT (converted /1.21). No terugleverkosten (confirmed by Rick, 2026-10-02). Feed-in compensation not listed: modelled as spot price (verify). Overstapkorting EUR 75 as listed for stroom+gas; may be lower for electricity only."
dyn_noord_energie,Noord Energie,Dynamisch,dynamic,12,,,,0.0157,3.9917,,0,0,,0.0,0,spot_kwh_net,,,,https://www.energievergelijk.nl/dynamisch-energiecontract,2026-10-02,partial,"Vastrecht and inkoopkosten from energievergelijk.nl, assumed incl. VAT (converted /1.21). No terugleverkosten (confirmed by Rick, 2026-10-02). Feed-in compensation not listed: modelled as spot price (verify)."
dyn_energiek,Energiek,Dynamisch,dynamic,12,,,,0.01488,4.9504,,0,0,,0.0,0,spot_kwh_net,,,,https://www.energievergelijk.nl/dynamisch-energiecontract,2026-10-02,partial,"Vastrecht and inkoopkosten from energievergelijk.nl, assumed incl. VAT (converted /1.21). No terugleverkosten (confirmed by Rick, 2026-10-02). Feed-in compensation not listed: modelled as spot price (verify)."
dyn_tibber,Tibber,Dynamisch,dynamic,12,,,,0.01488,5.7769,,0,0,,0.0,0,spot_kwh_net,,,,https://www.energievergelijk.nl/dynamisch-energiecontract,2026-10-02,partial,"Vastrecht and inkoopkosten from energievergelijk.nl, assumed incl. VAT (converted /1.21). No terugleverkosten (confirmed by Rick, 2026-10-02). Feed-in compensation not listed: modelled as spot price (verify)."
dyn_next_energy,Next Energy,Dynamisch,dynamic,12,,,,0.01818,4.9504,,0,0,,0.0,0,spot_kwh_net,,,,https://www.energievergelijk.nl/dynamisch-energiecontract,2026-10-02,partial,"Vastrecht and inkoopkosten from energievergelijk.nl, assumed incl. VAT (converted /1.21). No terugleverkosten (confirmed by Rick, 2026-10-02). Feed-in compensation not listed: modelled as spot price (verify)."
dyn_hallostroom,Hallostroom,Dynamisch,dynamic,12,,,,0.01653,5.1653,,0,0,,0.0,0,spot_kwh_net,,,,https://www.energievergelijk.nl/dynamisch-energiecontract,2026-10-02,partial,"Vastrecht and inkoopkosten from energievergelijk.nl, assumed incl. VAT (converted /1.21). No terugleverkosten (confirmed by Rick, 2026-10-02). Feed-in compensation not listed: modelled as spot price (verify)."
dyn_innova_energie,Innova Energie,Dynamisch,dynamic,12,,,,0.01488,5.7521,,0,0,,0.0,0,spot_kwh_net,,,,https://www.energievergelijk.nl/dynamisch-energiecontract,2026-10-02,partial,"Vastrecht and inkoopkosten from energievergelijk.nl, assumed incl. VAT (converted /1.21). No terugleverkosten (confirmed by Rick, 2026-10-02). Feed-in compensation not listed: modelled as spot price (verify)."
dyn_frank_energie,Frank Energie,Dynamisch,dynamic,12,,,,0.01488,5.7851,,0,0,,0.0,0,spot_kwh_net,,,,https://www.energievergelijk.nl/dynamisch-energiecontract,2026-10-02,partial,"Vastrecht and inkoopkosten from energievergelijk.nl, assumed incl. VAT (converted /1.21). No terugleverkosten (confirmed by Rick, 2026-10-02). Feed-in compensation not listed: modelled as spot price (verify)."
dyn_greenchoice,Greenchoice,Dynamisch,dynamic,12,,,,0.01818,6.1983,,0,0,,0.0,0,spot_kwh_net,,,,https://www.energievergelijk.nl/dynamisch-energiecontract,2026-10-02,partial,"Vastrecht and inkoopkosten from energievergelijk.nl, assumed incl. VAT (converted /1.21). No terugleverkosten (confirmed by Rick, 2026-10-02). Feed-in compensation not listed: modelled as spot price (verify)."
dyn_shave_energy,Shave Energy,Dynamisch,dynamic,12,,,,0.02479,5.0,,0,0,,0.0,0,spot_kwh_net,,,,https://www.energievergelijk.nl/dynamisch-energiecontract,2026-10-02,partial,"Vastrecht and inkoopkosten from energievergelijk.nl, assumed incl. VAT (converted /1.21). No terugleverkosten (confirmed by Rick, 2026-10-02). Feed-in compensation not listed: modelled as spot price (verify)."
dyn_samsam,Samsam,Dynamisch,dynamic,12,,,,0.01736,6.6033,,0,0,,0.0,0,spot_kwh_net,,,,https://www.energievergelijk.nl/dynamisch-energiecontract,2026-10-02,partial,"Vastrecht and inkoopkosten from energievergelijk.nl, assumed incl. VAT (converted /1.21). No terugleverkosten (confirmed by Rick, 2026-10-02). Feed-in compensation not listed: modelled as spot price (verify)."
dyn_eneco,Eneco,Dynamisch,dynamic,12,,,,0.01901,5.7851,,0,0,,0.0,0,spot_kwh_net,,,,https://www.energievergelijk.nl/dynamisch-energiecontract,2026-10-02,partial,"Vastrecht and inkoopkosten from energievergelijk.nl, assumed incl. VAT (converted /1.21). No terugleverkosten (confirmed by Rick, 2026-10-02). Feed-in compensation not listed: modelled as spot price (verify)."
dyn_energie_vanons,Energie VanOns,Dynamisch,dynamic,12,,,,0.02397,5.7769,,0,0,,0.0,0,spot_kwh_net,,,,https://www.energievergelijk.nl/dynamisch-energiecontract,2026-10-02,partial,"Vastrecht and inkoopkosten from energievergelijk.nl, assumed incl. VAT (converted /1.21). No terugleverkosten (confirmed by Rick, 2026-10-02). Feed-in compensation not listed: modelled as spot price (verify)."
dyn_anwb_energie,ANWB energie,Dynamisch,dynamic,12,,,,0.01488,7.0248,,0,0,,0.0,0,spot_kwh_net,,,,https://www.energievergelijk.nl/dynamisch-energiecontract,2026-10-02,partial,"Vastrecht and inkoopkosten from energievergelijk.nl, assumed incl. VAT (converted /1.21). No terugleverkosten (confirmed by Rick, 2026-10-02). Feed-in compensation not listed: modelled as spot price (verify)."
dyn_easyenergy,easyEnergy,Dynamisch,dynamic,12,,,,0.01818,5.7851,,0,0,,0.0,0,spot_kwh_net,,,,https://www.energievergelijk.nl/dynamisch-energiecontract,2026-10-02,partial,"Vastrecht and inkoopkosten from energievergelijk.nl, assumed incl. VAT (converted /1.21). No terugleverkosten (confirmed by Rick, 2026-10-02). Feed-in compensation not listed: modelled as spot price (verify)."
dyn_energyzero,EnergyZero,Dynamisch,dynamic,12,,,,0.0281,6.2066,,0,0,,0.0,0,spot_kwh_net,,,,https://www.energievergelijk.nl/dynamisch-energiecontract,2026-10-02,partial,"Vastrecht and inkoopkosten from energievergelijk.nl, assumed incl. VAT (converted /1.21). No terugleverkosten (confirmed by Rick, 2026-10-02). Feed-in compensation not listed: modelled as spot price (verify)."
fix_essent_groene_1j,Essent,Groene Stroom 1 jaar (fixed),fixed,12,0.17359,0.17159,0.17359,,9.3600,0.12397,0,0,0-inf:496.92,450,0,tariff_blocks,0.08680,0-inf:0,0.04628,"Offer pasted by Rick (Essent, Groene Stroom & Gas 1 jaar)",2026-10-06,partial,"Offer incl. 21% VAT converted: kale = incl./1.21 - energy tax 2026 (0.09161). Fixed EUR 0.37235/day incl. VAT. Until 2027: saldering, surplus paid EUR 0.15/kWh (no VAT), feed-in costs EUR 1.64732/day incl. VAT. From 2027: feed-in EUR 0.0868/kWh (shown as -0.08680 = credit; equals the 50% legal minimum) and feed-in costs EUR 0.056/kWh (assumed incl. VAT). Welcome bonus EUR 450 after 12 months. Electricity only; gas ignored."
