leverancier,jaar,maand,product,leveringskost
ANWB Energie,2024,10,stroom,"235,00"
ANWB Energie,2024,10,stroom en gas,"389,00"
ANWB Energie,2024,11,stroom,"235,00"
ANWB Energie,2024,11,stroom en gas,"389,00"
ANWB Energie,2024,12,stroom,"235,00"
ANWB Energie,2024,12,stroom en gas,"389,00"
ANWB Energie,2024,9,stroom,"235,00"
ANWB Energie,2024,9,stroom en gas,"389,00"
ANWB Energie,2025,10,stroom,"147,00"
ANWB Energie,2025,10,stroom en gas,"299,00"
ANWB Energie,2025,11,stroom,"147,00"
ANWB Energie,2025,11,stroom en gas,"299,00"
ANWB Energie,2025,12,stroom,"147,00"
ANWB Energie,2025,12,stroom en gas,"299,00"
ANWB Energie,2025,1,stroom,"235,00"
ANWB Energie,2025,1,stroom en gas,"389,00"
ANWB Energie,2025,2,stroom,"235,00"
ANWB Energie,2025,2,stroom en gas,"389,00"
ANWB Energie,2025,3,stroom,"235,00"
ANWB Energie,2025,3,stroom en gas,"389,00"
ANWB Energie,2025,4,stroom,"235,00"
ANWB Energie,2025,4,stroom en gas,"389,00"
ANWB Energie,2025,5,stroom,"235,00"
ANWB Energie,2025,5,stroom en gas,"389,00"
ANWB Energie,2025,6,stroom,"235,00"
ANWB Energie,2025,6,stroom en gas,"389,00"
ANWB Energie,2025,7,stroom,"235,00"
ANWB Energie,2025,7,stroom en gas,"389,00"
ANWB Energie,2025,8,stroom,"235,00"
ANWB Energie,2025,8,stroom en gas,"389,00"
ANWB Energie,2025,9,stroom,"235,00"
ANWB Energie,2025,9,stroom en gas,"389,00"
ANWB Energie,2026,1,stroom,"159,00"
ANWB Energie,2026,1,stroom en gas,"329,00"
ANWB Energie,2026,2,stroom,"159,00"
ANWB Energie,2026,2,stroom en gas,"329,00"
ANWB Energie,2026,3,stroom,"159,00"
ANWB Energie,2026,3,stroom en gas,"329,00"
ANWB Energie,2026,4,stroom,"159,00"
ANWB Energie,2026,4,stroom en gas,"329,00"
ANWB Energie,2026,5,stroom,"158,00"
ANWB Energie,2026,5,stroom en gas,"329,00"
ANWB Energie,2026,6,stroom,"159,00"
ANWB Energie,2026,6,stroom en gas,"329,00"
ANWB Energie,2026,7,stroom,"159,00"
ANWB Energie,2026,7,stroom en gas,"329,00"
ANWB Energie,2026,8,stroom,"197,00"
ANWB Energie,2026,8,stroom en gas,"329,00"
ANWB Energie,2026,9,stroom,"197,00"
ANWB Energie,2026,9,stroom en gas,"365,00"
Budget Energie,2024,10,stroom,"138,00"
Budget Energie,2024,10,stroom en gas,"297,00"
Budget Energie,2024,11,stroom,"138,00"
Budget Energie,2024,11,stroom en gas,"297,00"
Budget Energie,2024,12,stroom,"138,00"
Budget Energie,2024,12,stroom en gas,"297,00"
Budget Energie,2024,9,stroom,"138,00"
Budget Energie,2024,9,stroom en gas,"297,00"
Budget Energie,2025,10,stroom,
Budget Energie,2025,10,stroom en gas,
Budget Energie,2025,11,stroom,
Budget Energie,2025,11,stroom en gas,
Budget Energie,2025,12,stroom,
Budget Energie,2025,12,stroom en gas,
Budget Energie,2025,1,stroom,"138,00"
Budget Energie,2025,1,stroom en gas,"297,00"
Budget Energie,2025,2,stroom,"138,00"
Budget Energie,2025,2,stroom en gas,"297,00"
Budget Energie,2025,3,stroom,"138,00"
Budget Energie,2025,3,stroom en gas,"297,00"
Budget Energie,2025,4,stroom,"138,00"
Budget Energie,2025,4,stroom en gas,"297,00"
Budget Energie,2025,5,stroom,"138,00"
Budget Energie,2025,5,stroom en gas,"297,00"
Budget Energie,2025,6,stroom,"138,00"
Budget Energie,2025,6,stroom en gas,"297,00"
Budget Energie,2025,8,stroom,
Budget Energie,2025,8,stroom en gas,
Budget Energie,2025,9,stroom,
Budget Energie,2025,9,stroom en gas,
Budget Energie,2026,1,stroom,
Budget Energie,2026,1,stroom en gas,
Budget Energie,2026,2,stroom,
Budget Energie,2026,2,stroom en gas,
Budget Energie,2026,3,stroom,
Budget Energie,2026,3,stroom en gas,
Budget Energie,2026,4,stroom,"125,00"
Budget Energie,2026,4,stroom en gas,"271,00"
Budget Energie,2026,5,stroom,"124,00"
Budget Energie,2026,5,stroom en gas,"271,00"
Budget Energie,2026,6,stroom,"125,00"
Budget Energie,2026,6,stroom en gas,"271,00"
Budget Energie,2026,7,stroom,"126,00"
Budget Energie,2026,7,stroom en gas,"271,00"
Budget Energie,2026,8,stroom,"125,00"
Budget Energie,2026,8,stroom en gas,"271,00"
Budget Energie,2026,9,stroom,"125,00"
Budget Energie,2026,9,stroom en gas,"271,00"
Coolblue Energie,2024,10,stroom,"701,00"
Coolblue Energie,2024,11,stroom,"135,00"
Coolblue Energie,2024,12,stroom,"135,00"
Coolblue Energie,2024,9,stroom,"701,00"
Coolblue Energie,2025,10,stroom,"153,00"
Coolblue Energie,2025,11,stroom,"153,00"
Coolblue Energie,2025,12,stroom,"153,00"
Coolblue Energie,2025,1,stroom,"135,00"
Coolblue Energie,2025,2,stroom,
Coolblue Energie,2025,3,stroom,"135,00"
Coolblue Energie,2025,4,stroom,"153,00"
Coolblue Energie,2025,5,stroom,"153,00"
Coolblue Energie,2025,6,stroom,"153,00"
Coolblue Energie,2025,7,stroom,"153,00"
Coolblue Energie,2025,8,stroom,"153,00"
Coolblue Energie,2025,9,stroom,
Coolblue Energie,2026,1,stroom,"162,00"
Coolblue Energie,2026,2,stroom,"153,00"
Coolblue Energie,2026,3,stroom,"153,00"
Coolblue Energie,2026,4,stroom,"153,00"
Coolblue Energie,2026,5,stroom,"153,00"
Coolblue Energie,2026,6,stroom,"153,00"
Coolblue Energie,2026,7,stroom,"153,00"
Coolblue Energie,2026,8,stroom,"153,00"
Coolblue Energie,2026,9,stroom,"153,00"
easyEnergy,2024,10,stroom,"129,00"
easyEnergy,2024,10,stroom en gas,"336,00"
easyEnergy,2024,11,stroom,"129,00"
easyEnergy,2024,11,stroom en gas,"336,00"
easyEnergy,2024,12,stroom,"129,00"
easyEnergy,2024,12,stroom en gas,"336,00"
easyEnergy,2024,9,stroom,"129,00"
easyEnergy,2024,9,stroom en gas,"336,00"
easyEnergy,2025,10,stroom,"128,00"
easyEnergy,2025,10,stroom en gas,"336,00"
easyEnergy,2025,11,stroom,"128,00"
easyEnergy,2025,11,stroom en gas,"336,00"
easyEnergy,2025,12,stroom,"128,00"
easyEnergy,2025,12,stroom en gas,"336,00"
easyEnergy,2025,1,stroom,"129,00"
easyEnergy,2025,1,stroom en gas,"336,00"
easyEnergy,2025,2,stroom,"129,00"
easyEnergy,2025,2,stroom en gas,"336,00"
easyEnergy,2025,3,stroom,"129,00"
easyEnergy,2025,3,stroom en gas,"336,00"
easyEnergy,2025,4,stroom,"129,00"
easyEnergy,2025,4,stroom en gas,"336,00"
easyEnergy,2025,5,stroom,"129,00"
easyEnergy,2025,5,stroom en gas,"336,00"
easyEnergy,2025,6,stroom,"129,00"
easyEnergy,2025,6,stroom en gas,"336,00"
easyEnergy,2025,7,stroom,"129,00"
easyEnergy,2025,7,stroom en gas,"336,00"
easyEnergy,2025,8,stroom,"129,00"
easyEnergy,2025,8,stroom en gas,"336,00"
easyEnergy,2025,9,stroom,"129,00"
easyEnergy,2025,9,stroom en gas,"336,00"
easyEnergy,2026,1,stroom,"153,00"
easyEnergy,2026,1,stroom en gas,"384,00"
easyEnergy,2026,2,stroom,"153,00"
easyEnergy,2026,2,stroom en gas,"384,00"
easyEnergy,2026,3,stroom,"153,00"
easyEnergy,2026,3,stroom en gas,"384,00"
easyEnergy,2026,4,stroom,"153,00"
easyEnergy,2026,4,stroom en gas,"384,00"
easyEnergy,2026,5,stroom,"153,00"
easyEnergy,2026,5,stroom en gas,"384,00"
easyEnergy,2026,6,stroom,"153,00"
easyEnergy,2026,6,stroom en gas,"384,00"
easyEnergy,2026,7,stroom,"153,00"
easyEnergy,2026,7,stroom en gas,"384,00"
easyEnergy,2026,8,stroom,"197,00"
easyEnergy,2026,8,stroom en gas,"384,00"
easyEnergy,2026,9,stroom,"153,00"
easyEnergy,2026,9,stroom en gas,"384,00"
Eneco,2024,10,stroom,"156,00"
Eneco,2024,11,stroom,"164,00"
Eneco,2024,12,stroom,"164,00"
Eneco,2024,9,stroom,"157,00"
Eneco,2025,10,stroom,"159,00"
Eneco,2025,11,stroom,"155,00"
Eneco,2025,12,stroom,"179,00"
Eneco,2025,1,stroom,"164,00"
Eneco,2025,2,stroom,"164,00"
Eneco,2025,3,stroom,"183,00"
Eneco,2025,4,stroom,"183,00"
Eneco,2025,5,stroom,"176,00"
Eneco,2025,6,stroom,"176,00"
Eneco,2025,7,stroom,"176,00"
Eneco,2025,8,stroom,"183,00"
Eneco,2025,9,stroom,"159,00"
Eneco,2026,1,stroom,"179,00"
Eneco,2026,2,stroom,"166,00"
Eneco,2026,3,stroom,"166,00"
Eneco,2026,4,stroom,"166,00"
Eneco,2026,5,stroom,"184,00"
Eneco,2026,6,stroom,"184,00"
Eneco,2026,7,stroom,"184,00"
Eneco,2026,8,stroom,"180,00"
Eneco,2026,9,stroom,"180,00"
Energiedirect,2024,10,stroom,
Energiedirect,2024,10,stroom en gas,
Energiedirect,2024,11,stroom,"147,00"
Energiedirect,2024,11,stroom en gas,"301,00"
Energiedirect,2024,12,stroom,"147,00"
Energiedirect,2024,12,stroom en gas,"301,00"
Energiedirect,2024,9,stroom,
Energiedirect,2024,9,stroom en gas,
Energiedirect,2025,10,stroom,"148,00"
Energiedirect,2025,10,stroom en gas,"301,00"
Energiedirect,2025,11,stroom,"148,00"
Energiedirect,2025,11,stroom en gas,"301,00"
Energiedirect,2025,12,stroom,"148,00"
Energiedirect,2025,12,stroom en gas,"301,00"
Energiedirect,2025,1,stroom,"147,00"
Energiedirect,2025,1,stroom en gas,"301,00"
Energiedirect,2025,2,stroom,"147,00"
Energiedirect,2025,2,stroom en gas,"301,00"
Energiedirect,2025,3,stroom,"147,00"
Energiedirect,2025,3,stroom en gas,"301,00"
Energiedirect,2025,4,stroom,"147,00"
Energiedirect,2025,4,stroom en gas,"301,00"
Energiedirect,2025,5,stroom,"147,00"
Energiedirect,2025,5,stroom en gas,"301,00"
Energiedirect,2025,6,stroom,"147,00"
Energiedirect,2025,6,stroom en gas,"301,00"
Energiedirect,2025,7,stroom,"147,00"
Energiedirect,2025,7,stroom en gas,"301,00"
Energiedirect,2025,8,stroom,"147,00"
Energiedirect,2025,8,stroom en gas,"301,00"
Energiedirect,2025,9,stroom,"147,00"
Energiedirect,2025,9,stroom en gas,"301,00"
Energiedirect,2026,1,stroom,"150,00"
Energiedirect,2026,1,stroom en gas,"301,00"
Energiedirect,2026,2,stroom,"150,00"
Energiedirect,2026,2,stroom en gas,"301,00"
Energiedirect,2026,3,stroom,"150,00"
Energiedirect,2026,3,stroom en gas,"301,00"
Energiedirect,2026,4,stroom,"150,00"
Energiedirect,2026,4,stroom en gas,"301,00"
Energiedirect,2026,5,stroom,"149,00"
Energiedirect,2026,5,stroom en gas,"301,00"
Energiedirect,2026,6,stroom,"150,00"
Energiedirect,2026,6,stroom en gas,"301,00"
Energiedirect,2026,7,stroom,"150,00"
Energiedirect,2026,7,stroom en gas,"301,00"
Energiedirect,2026,8,stroom,"150,00"
Energiedirect,2026,8,stroom en gas,"301,00"
Energiedirect,2026,9,stroom,"150,00"
Energiedirect,2026,9,stroom en gas,"301,00"
Energiek,2024,10,stroom,"135,00"
Energiek,2024,10,stroom en gas,"276,00"
Energiek,2024,11,stroom,"128,00"
Energiek,2024,11,stroom en gas,"270,00"
Energiek,2024,12,stroom,"128,00"
Energiek,2024,12,stroom en gas,"270,00"
Energiek,2024,9,stroom,"135,00"
Energiek,2024,9,stroom en gas,"276,00"
Energiek,2025,10,stroom,"128,00"
Energiek,2025,10,stroom en gas,"270,00"
Energiek,2025,11,stroom,"128,00"
Energiek,2025,11,stroom en gas,"270,00"
Energiek,2025,12,stroom,"128,00"
Energiek,2025,12,stroom en gas,"270,00"
Energiek,2025,1,stroom,"128,00"
Energiek,2025,1,stroom en gas,"270,00"
Energiek,2025,2,stroom,"128,00"
Energiek,2025,2,stroom en gas,"270,00"
Energiek,2025,3,stroom,"128,00"
Energiek,2025,3,stroom en gas,"270,00"
Energiek,2025,4,stroom,"128,00"
Energiek,2025,4,stroom en gas,"270,00"
Energiek,2025,5,stroom,"128,00"
Energiek,2025,5,stroom en gas,"270,00"
Energiek,2025,6,stroom,"128,00"
Energiek,2025,6,stroom en gas,"270,00"
Energiek,2025,7,stroom,"128,00"
Energiek,2025,7,stroom en gas,"270,00"
Energiek,2025,8,stroom,"128,00"
Energiek,2025,8,stroom en gas,"270,00"
Energiek,2025,9,stroom,"128,00"
Energiek,2025,9,stroom en gas,"270,00"
Energiek,2026,1,stroom,"128,00"
Energiek,2026,1,stroom en gas,"270,00"
Energiek,2026,2,stroom,"128,00"
Energiek,2026,2,stroom en gas,"270,00"
Energiek,2026,3,stroom,"128,00"
Energiek,2026,3,stroom en gas,"270,00"
Energiek,2026,4,stroom,"128,00"
Energiek,2026,4,stroom en gas,"270,00"
Energiek,2026,5,stroom,"128,00"
Energiek,2026,5,stroom en gas,"270,00"
Energiek,2026,6,stroom,"128,00"
Energiek,2026,6,stroom en gas,"270,00"
Energiek,2026,7,stroom,"128,00"
Energiek,2026,7,stroom en gas,"270,00"
Energiek,2026,8,stroom,"128,00"
Energiek,2026,8,stroom en gas,"270,00"
Energiek,2026,9,stroom,"128,00"
Energiek,2026,9,stroom en gas,"270,00"
EnergyZero,2024,10,stroom,"196,00"
EnergyZero,2024,10,stroom en gas,
EnergyZero,2024,11,stroom,"197,00"
EnergyZero,2024,11,stroom en gas,"385,00"
EnergyZero,2024,12,stroom,"197,00"
EnergyZero,2024,12,stroom en gas,"385,00"
EnergyZero,2024,9,stroom,"197,00"
EnergyZero,2024,9,stroom en gas,"385,00"
EnergyZero,2025,10,stroom,"197,00"
EnergyZero,2025,10,stroom en gas,"385,00"
EnergyZero,2025,11,stroom,"197,00"
EnergyZero,2025,11,stroom en gas,"385,00"
EnergyZero,2025,12,stroom,"197,00"
EnergyZero,2025,12,stroom en gas,"385,00"
EnergyZero,2025,1,stroom,
EnergyZero,2025,1,stroom en gas,
EnergyZero,2025,2,stroom,"197,00"
EnergyZero,2025,2,stroom en gas,"385,00"
EnergyZero,2025,3,stroom,"197,00"
EnergyZero,2025,3,stroom en gas,"385,00"
EnergyZero,2025,4,stroom,"197,00"
EnergyZero,2025,4,stroom en gas,"385,00"
EnergyZero,2025,5,stroom,"197,00"
EnergyZero,2025,5,stroom en gas,"385,00"
EnergyZero,2025,6,stroom,"197,00"
EnergyZero,2025,6,stroom en gas,"385,00"
EnergyZero,2025,7,stroom,"197,00"
EnergyZero,2025,7,stroom en gas,"385,00"
EnergyZero,2025,8,stroom,"197,00"
EnergyZero,2025,8,stroom en gas,"385,00"
EnergyZero,2025,9,stroom,"197,00"
EnergyZero,2025,9,stroom en gas,"385,00"
EnergyZero,2026,1,stroom,"196,00"
EnergyZero,2026,1,stroom en gas,"389,00"
EnergyZero,2026,2,stroom,"196,00"
EnergyZero,2026,2,stroom en gas,"389,00"
EnergyZero,2026,3,stroom,"196,00"
EnergyZero,2026,3,stroom en gas,"389,00"
EnergyZero,2026,4,stroom,"197,00"
EnergyZero,2026,4,stroom en gas,"359,00"
EnergyZero,2026,5,stroom,"197,00"
EnergyZero,2026,5,stroom en gas,"359,00"
EnergyZero,2026,6,stroom,"197,00"
EnergyZero,2026,6,stroom en gas,"359,00"
EnergyZero,2026,7,stroom,"197,00"
EnergyZero,2026,7,stroom en gas,"359,00"
EnergyZero,2026,8,stroom,"197,00"
EnergyZero,2026,8,stroom en gas,"359,00"
EnergyZero,2026,9,stroom,"197,00"
EnergyZero,2026,9,stroom en gas,"359,00"
Essent,2024,10,stroom,
Essent,2024,10,stroom en gas,
Essent,2024,11,stroom,
Essent,2024,11,stroom en gas,
Essent,2024,12,stroom,"168,00"
Essent,2024,12,stroom en gas,"332,00"
Essent,2024,9,stroom,
Essent,2024,9,stroom en gas,
Essent,2025,10,stroom,"168,00"
Essent,2025,10,stroom en gas,"332,00"
Essent,2025,11,stroom,"169,00"
Essent,2025,11,stroom en gas,"332,00"
Essent,2025,12,stroom,"169,00"
Essent,2025,12,stroom en gas,"332,00"
Essent,2025,1,stroom,"168,00"
Essent,2025,1,stroom en gas,"332,00"
Essent,2025,2,stroom,"168,00"
Essent,2025,2,stroom en gas,"332,00"
Essent,2025,3,stroom,"168,00"
Essent,2025,3,stroom en gas,"332,00"
Essent,2025,4,stroom,"168,00"
Essent,2025,4,stroom en gas,"332,00"
Essent,2025,5,stroom,"168,00"
Essent,2025,5,stroom en gas,"332,00"
Essent,2025,6,stroom,"168,00"
Essent,2025,6,stroom en gas,"332,00"
Essent,2025,7,stroom,"168,00"
Essent,2025,7,stroom en gas,"332,00"
Essent,2025,8,stroom,"168,00"
Essent,2025,8,stroom en gas,"332,00"
Essent,2025,9,stroom,"168,00"
Essent,2025,9,stroom en gas,"332,00"
Essent,2026,1,stroom,"168,00"
Essent,2026,1,stroom en gas,"332,00"
Essent,2026,2,stroom,"168,00"
Essent,2026,2,stroom en gas,"332,00"
Essent,2026,3,stroom,"168,00"
Essent,2026,3,stroom en gas,"332,00"
Essent,2026,4,stroom,"168,00"
Essent,2026,4,stroom en gas,"332,00"
Essent,2026,5,stroom,"168,00"
Essent,2026,5,stroom en gas,"332,00"
Essent,2026,6,stroom,"168,00"
Essent,2026,6,stroom en gas,"332,00"
Essent,2026,7,stroom,"168,00"
Essent,2026,7,stroom en gas,"332,00"
Essent,2026,8,stroom,"174,00"
Essent,2026,8,stroom en gas,"332,00"
Essent,2026,9,stroom,"168,00"
Essent,2026,9,stroom en gas,"332,00"
Frank Energie,2024,10,stroom,"141,00"
Frank Energie,2024,10,stroom en gas,"318,00"
Frank Energie,2024,11,stroom,"141,00"
Frank Energie,2024,11,stroom en gas,"318,00"
Frank Energie,2024,12,stroom,"141,00"
Frank Energie,2024,12,stroom en gas,"318,00"
Frank Energie,2024,9,stroom,"141,00"
Frank Energie,2024,9,stroom en gas,"318,00"
Frank Energie,2025,10,stroom,"141,00"
Frank Energie,2025,10,stroom en gas,"318,00"
Frank Energie,2025,11,stroom,"141,00"
Frank Energie,2025,11,stroom en gas,"318,00"
Frank Energie,2025,12,stroom,"141,00"
Frank Energie,2025,12,stroom en gas,"318,00"
Frank Energie,2025,1,stroom,"141,00"
Frank Energie,2025,1,stroom en gas,"318,00"
Frank Energie,2025,2,stroom,"141,00"
Frank Energie,2025,2,stroom en gas,"318,00"
Frank Energie,2025,3,stroom,"141,00"
Frank Energie,2025,3,stroom en gas,"318,00"
Frank Energie,2025,4,stroom,"141,00"
Frank Energie,2025,4,stroom en gas,"318,00"
Frank Energie,2025,5,stroom,"141,00"
Frank Energie,2025,5,stroom en gas,"318,00"
Frank Energie,2025,6,stroom,"141,00"
Frank Energie,2025,6,stroom en gas,"318,00"
Frank Energie,2025,7,stroom,"141,00"
Frank Energie,2025,7,stroom en gas,"318,00"
Frank Energie,2025,8,stroom,"141,00"
Frank Energie,2025,8,stroom en gas,"318,00"
Frank Energie,2025,9,stroom,"141,00"
Frank Energie,2025,9,stroom en gas,"318,00"
Frank Energie,2026,1,stroom,"141,00"
Frank Energie,2026,1,stroom en gas,"318,00"
Frank Energie,2026,2,stroom,"141,00"
Frank Energie,2026,2,stroom en gas,"318,00"
Frank Energie,2026,3,stroom,"141,00"
Frank Energie,2026,3,stroom en gas,"318,00"
Frank Energie,2026,4,stroom,"141,00"
Frank Energie,2026,4,stroom en gas,"318,00"
Frank Energie,2026,5,stroom,"140,00"
Frank Energie,2026,5,stroom en gas,"318,00"
Frank Energie,2026,6,stroom,"141,00"
Frank Energie,2026,6,stroom en gas,"318,00"
Frank Energie,2026,7,stroom,"141,00"
Frank Energie,2026,7,stroom en gas,"318,00"
Frank Energie,2026,8,stroom,"141,00"
Frank Energie,2026,8,stroom en gas,"318,00"
Frank Energie,2026,9,stroom,"141,00"
Frank Energie,2026,9,stroom en gas,"318,00"
Greenchoice,2024,10,stroom,"196,00"
Greenchoice,2024,10,stroom en gas,
Greenchoice,2024,11,stroom,"197,00"
Greenchoice,2024,11,stroom en gas,"385,00"
Greenchoice,2024,12,stroom,"197,00"
Greenchoice,2024,12,stroom en gas,"385,00"
Greenchoice,2024,9,stroom,"197,00"
Greenchoice,2024,9,stroom en gas,"385,00"
Greenchoice,2025,10,stroom,"197,00"
Greenchoice,2025,10,stroom en gas,"385,00"
Greenchoice,2025,11,stroom,"197,00"
Greenchoice,2025,11,stroom en gas,"385,00"
Greenchoice,2025,12,stroom,"196,00"
Greenchoice,2025,12,stroom en gas,"385,00"
Greenchoice,2025,1,stroom,
Greenchoice,2025,1,stroom en gas,
Greenchoice,2025,2,stroom,"197,00"
Greenchoice,2025,2,stroom en gas,"385,00"
Greenchoice,2025,3,stroom,"197,00"
Greenchoice,2025,3,stroom en gas,"385,00"
Greenchoice,2025,4,stroom,"197,00"
Greenchoice,2025,4,stroom en gas,"385,00"
Greenchoice,2025,5,stroom,"197,00"
Greenchoice,2025,5,stroom en gas,"385,00"
Greenchoice,2025,6,stroom,"197,00"
Greenchoice,2025,6,stroom en gas,"385,00"
Greenchoice,2025,7,stroom,"197,00"
Greenchoice,2025,7,stroom en gas,"385,00"
Greenchoice,2025,8,stroom,"197,00"
Greenchoice,2025,8,stroom en gas,"385,00"
Greenchoice,2025,9,stroom,"197,00"
Greenchoice,2025,9,stroom en gas,"385,00"
Greenchoice,2026,1,stroom,"197,00"
Greenchoice,2026,1,stroom en gas,"359,00"
Greenchoice,2026,2,stroom,"197,00"
Greenchoice,2026,2,stroom en gas,"359,00"
Greenchoice,2026,3,stroom,"197,00"
Greenchoice,2026,3,stroom en gas,"359,00"
Greenchoice,2026,4,stroom,"196,00"
Greenchoice,2026,4,stroom en gas,"389,00"
Greenchoice,2026,5,stroom,"196,00"
Greenchoice,2026,5,stroom en gas,"389,00"
Greenchoice,2026,6,stroom,"196,00"
Greenchoice,2026,6,stroom en gas,"389,00"
Greenchoice,2026,7,stroom,"196,00"
Greenchoice,2026,7,stroom en gas,"389,00"
Greenchoice,2026,8,stroom,"196,00"
Greenchoice,2026,8,stroom en gas,"389,00"
Greenchoice,2026,9,stroom,"196,00"
Greenchoice,2026,9,stroom en gas,"389,00"
Holland Energie,2024,10,stroom,"187,00"
Holland Energie,2024,10,stroom en gas,"409,00"
Holland Energie,2024,11,stroom,"188,00"
Holland Energie,2024,11,stroom en gas,
Holland Energie,2024,12,stroom,"187,00"
Holland Energie,2024,12,stroom en gas,"409,00"
Holland Energie,2024,9,stroom,"187,00"
Holland Energie,2024,9,stroom en gas,"409,00"
Holland Energie,2025,10,stroom,"202,00"
Holland Energie,2025,10,stroom en gas,"439,00"
Holland Energie,2025,11,stroom,"202,00"
Holland Energie,2025,11,stroom en gas,"439,00"
Holland Energie,2025,12,stroom,"202,00"
Holland Energie,2025,12,stroom en gas,"439,00"
Holland Energie,2025,1,stroom,"187,00"
Holland Energie,2025,1,stroom en gas,"409,00"
Holland Energie,2025,2,stroom,"187,00"
Holland Energie,2025,2,stroom en gas,"409,00"
Holland Energie,2025,3,stroom,"187,00"
Holland Energie,2025,3,stroom en gas,"409,00"
Holland Energie,2025,4,stroom,"187,00"
Holland Energie,2025,4,stroom en gas,"409,00"
Holland Energie,2025,5,stroom,"187,00"
Holland Energie,2025,5,stroom en gas,"443,00"
Holland Energie,2025,6,stroom,"187,00"
Holland Energie,2025,6,stroom en gas,"409,00"
Holland Energie,2025,7,stroom,"187,00"
Holland Energie,2025,7,stroom en gas,"409,00"
Holland Energie,2025,8,stroom,
Holland Energie,2025,8,stroom en gas,
Holland Energie,2025,9,stroom,
Holland Energie,2025,9,stroom en gas,
Holland Energie,2026,1,stroom,"255,00"
Holland Energie,2026,1,stroom en gas,"552,00"
Holland Energie,2026,2,stroom,"255,00"
Holland Energie,2026,2,stroom en gas,"552,00"
Holland Energie,2026,3,stroom,"255,00"
Holland Energie,2026,3,stroom en gas,"552,00"
Holland Energie,2026,4,stroom,"255,00"
Holland Energie,2026,4,stroom en gas,"552,00"
Holland Energie,2026,5,stroom,"275,00"
Holland Energie,2026,5,stroom en gas,"552,00"
Holland Energie,2026,6,stroom,"276,00"
Holland Energie,2026,6,stroom en gas,"552,00"
Holland Energie,2026,7,stroom,"276,00"
Holland Energie,2026,7,stroom en gas,"552,00"
Holland Energie,2026,8,stroom,"255,00"
Holland Energie,2026,8,stroom en gas,"552,00"
Holland Energie,2026,9,stroom,"276,00"
Holland Energie,2026,9,stroom en gas,"552,00"
Innova Energie,2024,10,stroom,"174,00"
Innova Energie,2024,10,stroom en gas,"356,00"
Innova Energie,2024,11,stroom,"174,00"
Innova Energie,2024,11,stroom en gas,"356,00"
Innova Energie,2024,12,stroom,"174,00"
Innova Energie,2024,12,stroom en gas,"356,00"
Innova Energie,2024,9,stroom,"274,00"
Innova Energie,2024,9,stroom en gas,"551,00"
Innova Energie,2025,10,stroom,"174,00"
Innova Energie,2025,10,stroom en gas,
Innova Energie,2025,11,stroom,
Innova Energie,2025,11,stroom en gas,
Innova Energie,2025,12,stroom,
Innova Energie,2025,12,stroom en gas,
Innova Energie,2025,1,stroom,
Innova Energie,2025,1,stroom en gas,
Innova Energie,2025,2,stroom,"174,00"
Innova Energie,2025,2,stroom en gas,"356,00"
Innova Energie,2025,3,stroom,"174,00"
Innova Energie,2025,3,stroom en gas,"356,00"
Innova Energie,2025,4,stroom,"174,00"
Innova Energie,2025,4,stroom en gas,"356,00"
Innova Energie,2025,5,stroom,"174,00"
Innova Energie,2025,5,stroom en gas,"356,00"
Innova Energie,2025,6,stroom,"174,00"
Innova Energie,2025,6,stroom en gas,"356,00"
Innova Energie,2025,7,stroom,"174,00"
Innova Energie,2025,7,stroom en gas,"356,00"
Innova Energie,2025,8,stroom,"174,00"
Innova Energie,2025,8,stroom en gas,
Innova Energie,2025,9,stroom,"174,00"
Innova Energie,2025,9,stroom en gas,
Innova Energie,2026,1,stroom,"135,00"
Innova Energie,2026,1,stroom en gas,
Innova Energie,2026,2,stroom,"235,00"
Innova Energie,2026,2,stroom en gas,
Innova Energie,2026,3,stroom,
Innova Energie,2026,3,stroom en gas,
Innova Energie,2026,4,stroom,"135,00"
Innova Energie,2026,4,stroom en gas,"319,00"
Innova Energie,2026,5,stroom,"134,00"
Innova Energie,2026,5,stroom en gas,"319,00"
Innova Energie,2026,6,stroom,"135,00"
Innova Energie,2026,6,stroom en gas,"319,00"
Innova Energie,2026,7,stroom,"140,00"
Innova Energie,2026,7,stroom en gas,"310,00"
Innova Energie,2026,8,stroom,"140,00"
Innova Energie,2026,8,stroom en gas,"310,00"
Innova Energie,2026,9,stroom,"140,00"
Innova Energie,2026,9,stroom en gas,"310,00"
NextEnergy,2024,10,stroom,"135,00"
NextEnergy,2024,10,stroom en gas,"275,00"
NextEnergy,2024,11,stroom,"135,00"
NextEnergy,2024,11,stroom en gas,"275,00"
NextEnergy,2024,12,stroom,"135,00"
NextEnergy,2024,12,stroom en gas,"275,00"
NextEnergy,2024,9,stroom,"135,00"
NextEnergy,2024,9,stroom en gas,"275,00"
NextEnergy,2025,10,stroom,"141,00"
NextEnergy,2025,10,stroom en gas,"560,00"
NextEnergy,2025,11,stroom,"141,00"
NextEnergy,2025,11,stroom en gas,"560,00"
NextEnergy,2025,12,stroom,"141,00"
NextEnergy,2025,12,stroom en gas,"560,00"
NextEnergy,2025,1,stroom,"135,00"
NextEnergy,2025,1,stroom en gas,"275,00"
NextEnergy,2025,2,stroom,"135,00"
NextEnergy,2025,2,stroom en gas,"275,00"
NextEnergy,2025,3,stroom,"135,00"
NextEnergy,2025,3,stroom en gas,"275,00"
NextEnergy,2025,4,stroom,"135,00"
NextEnergy,2025,4,stroom en gas,"275,00"
NextEnergy,2025,5,stroom,"141,00"
NextEnergy,2025,5,stroom en gas,"305,00"
NextEnergy,2025,6,stroom,"141,00"
NextEnergy,2025,6,stroom en gas,"305,00"
NextEnergy,2025,7,stroom,"141,00"
NextEnergy,2025,7,stroom en gas,"305,00"
NextEnergy,2025,8,stroom,"141,00"
NextEnergy,2025,8,stroom en gas,"305,00"
NextEnergy,2025,9,stroom,"141,00"
NextEnergy,2025,9,stroom en gas,"305,00"
NextEnergy,2026,1,stroom,"141,00"
NextEnergy,2026,1,stroom en gas,"560,00"
NextEnergy,2026,2,stroom,"141,00"
NextEnergy,2026,2,stroom en gas,"560,00"
NextEnergy,2026,3,stroom,"141,00"
NextEnergy,2026,3,stroom en gas,"560,00"
NextEnergy,2026,4,stroom,"141,00"
NextEnergy,2026,4,stroom en gas,"560,00"
NextEnergy,2026,5,stroom,"275,00"
NextEnergy,2026,5,stroom en gas,"560,00"
NextEnergy,2026,6,stroom,"276,00"
NextEnergy,2026,6,stroom en gas,"560,00"
NextEnergy,2026,7,stroom,"276,00"
NextEnergy,2026,7,stroom en gas,"560,00"
NextEnergy,2026,8,stroom,"141,00"
NextEnergy,2026,8,stroom en gas,"305,00"
NextEnergy,2026,9,stroom,"141,00"
NextEnergy,2026,9,stroom en gas,"305,00"
Noord Energie,2025,10,stroom en gas,"293,00"
Noord Energie,2025,11,stroom en gas,"293,00"
Noord Energie,2025,12,stroom en gas,"293,00"
Noord Energie,2025,6,stroom en gas,"305,00"
Noord Energie,2025,7,stroom en gas,"305,00"
Noord Energie,2025,8,stroom en gas,"293,00"
Noord Energie,2025,9,stroom en gas,"293,00"
Noord Energie,2026,1,stroom en gas,"293,00"
Noord Energie,2026,2,stroom en gas,"293,00"
Noord Energie,2026,3,stroom en gas,"293,00"
Noord Energie,2026,4,stroom en gas,"293,00"
Noord Energie,2026,5,stroom en gas,"293,00"
Noord Energie,2026,6,stroom en gas,"293,00"
Noord Energie,2026,7,stroom en gas,"293,00"
Noord Energie,2026,8,stroom en gas,"293,00"
Noord Energie,2026,9,stroom en gas,"293,00"
Oxxio,2024,10,stroom,
Oxxio,2024,11,stroom,
Oxxio,2024,12,stroom,"181,00"
Oxxio,2024,9,stroom,
Oxxio,2025,10,stroom,"153,00"
Oxxio,2025,11,stroom,"149,00"
Oxxio,2025,12,stroom,"173,00"
Oxxio,2025,1,stroom,"157,00"
Oxxio,2025,2,stroom,"157,00"
Oxxio,2025,3,stroom,"157,00"
Oxxio,2025,4,stroom,"157,00"
Oxxio,2025,5,stroom,"170,00"
Oxxio,2025,6,stroom,"170,00"
Oxxio,2025,7,stroom,"170,00"
Oxxio,2025,8,stroom,"153,00"
Oxxio,2025,9,stroom,"153,00"
Oxxio,2026,1,stroom,"173,00"
Oxxio,2026,2,stroom,"160,00"
Oxxio,2026,3,stroom,"160,00"
Oxxio,2026,4,stroom,"160,00"
Oxxio,2026,5,stroom,"178,00"
Oxxio,2026,6,stroom,"178,00"
Oxxio,2026,7,stroom,"178,00"
Oxxio,2026,8,stroom,"174,00"
Oxxio,2026,9,stroom,"174,00"
Pure Energie,2024,10,stroom,"151,00"
Pure Energie,2024,10,stroom en gas,"311,00"
Pure Energie,2024,11,stroom,"151,00"
Pure Energie,2024,11,stroom en gas,"311,00"
Pure Energie,2024,12,stroom,"151,00"
Pure Energie,2024,12,stroom en gas,"311,00"
Pure Energie,2024,9,stroom,"151,00"
Pure Energie,2024,9,stroom en gas,"311,00"
Pure Energie,2025,10,stroom,"135,00"
Pure Energie,2025,10,stroom en gas,"300,00"
Pure Energie,2025,11,stroom,"135,00"
Pure Energie,2025,11,stroom en gas,"301,00"
Pure Energie,2025,12,stroom,"135,00"
Pure Energie,2025,12,stroom en gas,"311,00"
Pure Energie,2025,1,stroom,"151,00"
Pure Energie,2025,1,stroom en gas,"311,00"
Pure Energie,2025,2,stroom,"151,00"
Pure Energie,2025,2,stroom en gas,"311,00"
Pure Energie,2025,3,stroom,"151,00"
Pure Energie,2025,3,stroom en gas,"311,00"
Pure Energie,2025,4,stroom,"151,00"
Pure Energie,2025,4,stroom en gas,"311,00"
Pure Energie,2025,5,stroom,"151,00"
Pure Energie,2025,5,stroom en gas,"322,00"
Pure Energie,2025,6,stroom,"151,00"
Pure Energie,2025,6,stroom en gas,"322,00"
Pure Energie,2025,7,stroom,"151,00"
Pure Energie,2025,7,stroom en gas,"322,00"
Pure Energie,2025,8,stroom,"135,00"
Pure Energie,2025,8,stroom en gas,"300,00"
Pure Energie,2025,9,stroom,"135,00"
Pure Energie,2025,9,stroom en gas,"300,00"
Pure Energie,2026,1,stroom,"135,00"
Pure Energie,2026,1,stroom en gas,"311,00"
Pure Energie,2026,2,stroom,"135,00"
Pure Energie,2026,2,stroom en gas,"311,00"
Pure Energie,2026,3,stroom,"135,00"
Pure Energie,2026,3,stroom en gas,"311,00"
Pure Energie,2026,4,stroom,"132,00"
Pure Energie,2026,4,stroom en gas,"311,00"
Pure Energie,2026,5,stroom,"125,00"
Pure Energie,2026,5,stroom en gas,"313,00"
Pure Energie,2026,6,stroom,"126,00"
Pure Energie,2026,6,stroom en gas,"313,00"
Pure Energie,2026,7,stroom,"126,00"
Pure Energie,2026,7,stroom en gas,"313,00"
Pure Energie,2026,8,stroom,"135,00"
Pure Energie,2026,8,stroom en gas,"323,00"
Pure Energie,2026,9,stroom,"135,00"
Pure Energie,2026,9,stroom en gas,"323,00"
Tibber,2024,10,stroom,"138,00"
Tibber,2024,11,stroom,"138,00"
Tibber,2024,12,stroom,"138,00"
Tibber,2024,9,stroom,"138,00"
Tibber,2025,10,stroom,"162,00"
Tibber,2025,11,stroom,"162,00"
Tibber,2025,12,stroom,"162,00"
Tibber,2025,1,stroom,"150,00"
Tibber,2025,2,stroom,"150,00"
Tibber,2025,3,stroom,"150,00"
Tibber,2025,4,stroom,"150,00"
Tibber,2025,5,stroom,"150,00"
Tibber,2025,6,stroom,"150,00"
Tibber,2025,7,stroom,"162,00"
Tibber,2025,8,stroom,"162,00"
Tibber,2025,9,stroom,"162,00"
Tibber,2026,1,stroom,"162,00"
Tibber,2026,2,stroom,"162,00"
Tibber,2026,3,stroom,"162,00"
Tibber,2026,4,stroom,"162,00"
Tibber,2026,5,stroom,"162,00"
Tibber,2026,6,stroom,"150,00"
Tibber,2026,7,stroom,"136,00"
Tibber,2026,8,stroom,"165,00"
Tibber,2026,9,stroom,"165,00"
Vandebron,2024,10,stroom,"144,00"
Vandebron,2024,10,stroom en gas,"258,00"
Vandebron,2024,11,stroom,"144,00"
Vandebron,2024,11,stroom en gas,"342,00"
Vandebron,2024,12,stroom,"144,00"
Vandebron,2024,12,stroom en gas,"342,00"
Vandebron,2024,9,stroom,"144,00"
Vandebron,2024,9,stroom en gas,"258,00"
Vandebron,2025,10,stroom,"166,00"
Vandebron,2025,10,stroom en gas,"318,00"
Vandebron,2025,11,stroom,"165,00"
Vandebron,2025,11,stroom en gas,"318,00"
Vandebron,2025,12,stroom,"165,00"
Vandebron,2025,12,stroom en gas,"318,00"
Vandebron,2025,1,stroom,"144,00"
Vandebron,2025,1,stroom en gas,"342,00"
Vandebron,2025,2,stroom,"144,00"
Vandebron,2025,2,stroom en gas,"342,00"
Vandebron,2025,3,stroom,"144,00"
Vandebron,2025,3,stroom en gas,"342,00"
Vandebron,2025,4,stroom,"144,00"
Vandebron,2025,4,stroom en gas,"342,00"
Vandebron,2025,5,stroom,"144,00"
Vandebron,2025,5,stroom en gas,"342,00"
Vandebron,2025,6,stroom,"144,00"
Vandebron,2025,6,stroom en gas,"342,00"
Vandebron,2025,7,stroom,"144,00"
Vandebron,2025,7,stroom en gas,"342,00"
Vandebron,2025,8,stroom,"166,00"
Vandebron,2025,8,stroom en gas,"318,00"
Vandebron,2025,9,stroom,"166,00"
Vandebron,2025,9,stroom en gas,"318,00"
Vandebron,2026,1,stroom,"166,00"
Vandebron,2026,1,stroom en gas,"318,00"
Vandebron,2026,2,stroom,"166,00"
Vandebron,2026,2,stroom en gas,"318,00"
Vandebron,2026,3,stroom,"166,00"
Vandebron,2026,3,stroom en gas,"318,00"
Vandebron,2026,4,stroom,"166,00"
Vandebron,2026,4,stroom en gas,"318,00"
Vandebron,2026,5,stroom,"166,00"
Vandebron,2026,5,stroom en gas,"318,00"
Vandebron,2026,6,stroom,"167,00"
Vandebron,2026,6,stroom en gas,"318,00"
Vandebron,2026,7,stroom,"167,00"
Vandebron,2026,7,stroom en gas,"318,00"
Vandebron,2026,8,stroom,"153,00"
Vandebron,2026,8,stroom en gas,"307,00"
Vandebron,2026,9,stroom,"153,00"
Vandebron,2026,9,stroom en gas,"307,00"
Vattenfall,2024,10,stroom,"174,00"
Vattenfall,2024,10,stroom en gas,"346,00"
Vattenfall,2024,11,stroom,"174,00"
Vattenfall,2024,11,stroom en gas,"346,00"
Vattenfall,2024,12,stroom,"174,00"
Vattenfall,2024,12,stroom en gas,"346,00"
Vattenfall,2024,9,stroom,"174,00"
Vattenfall,2024,9,stroom en gas,"346,00"
Vattenfall,2025,10,stroom,"175,00"
Vattenfall,2025,10,stroom en gas,"346,00"
Vattenfall,2025,11,stroom,"175,00"
Vattenfall,2025,11,stroom en gas,"346,00"
Vattenfall,2025,12,stroom,"175,00"
Vattenfall,2025,12,stroom en gas,"346,00"
Vattenfall,2025,1,stroom,"174,00"
Vattenfall,2025,1,stroom en gas,"346,00"
Vattenfall,2025,2,stroom,"174,00"
Vattenfall,2025,2,stroom en gas,"346,00"
Vattenfall,2025,3,stroom,"174,00"
Vattenfall,2025,3,stroom en gas,"346,00"
Vattenfall,2025,4,stroom,"174,00"
Vattenfall,2025,4,stroom en gas,"346,00"
Vattenfall,2025,5,stroom,"174,00"
Vattenfall,2025,5,stroom en gas,"305,00"
Vattenfall,2025,6,stroom,"174,00"
Vattenfall,2025,6,stroom en gas,"346,00"
Vattenfall,2025,7,stroom,"174,00"
Vattenfall,2025,7,stroom en gas,"346,00"
Vattenfall,2025,8,stroom,"174,00"
Vattenfall,2025,8,stroom en gas,"346,00"
Vattenfall,2025,9,stroom,"174,00"
Vattenfall,2025,9,stroom en gas,"346,00"
Vattenfall,2026,1,stroom,"175,00"
Vattenfall,2026,1,stroom en gas,"359,00"
Vattenfall,2026,2,stroom,"175,00"
Vattenfall,2026,2,stroom en gas,"359,00"
Vattenfall,2026,3,stroom,"175,00"
Vattenfall,2026,3,stroom en gas,"359,00"
Vattenfall,2026,4,stroom,"174,00"
Vattenfall,2026,4,stroom en gas,"346,00"
Vattenfall,2026,5,stroom,"150,00"
Vattenfall,2026,5,stroom en gas,"311,00"
Vattenfall,2026,6,stroom,"150,00"
Vattenfall,2026,6,stroom en gas,"311,00"
Vattenfall,2026,7,stroom,"150,00"
Vattenfall,2026,7,stroom en gas,"311,00"
Vattenfall,2026,8,stroom,"174,00"
Vattenfall,2026,8,stroom en gas,"346,00"
Vattenfall,2026,9,stroom,"174,00"
Vattenfall,2026,9,stroom en gas,"346,00"
Vrijopnaam,2024,10,stroom en gas,"311,00"
Vrijopnaam,2024,11,stroom en gas,"311,00"
Vrijopnaam,2024,12,stroom en gas,"311,00"
Vrijopnaam,2024,9,stroom en gas,"311,00"
Vrijopnaam,2025,10,stroom en gas,"341,00"
Vrijopnaam,2025,11,stroom en gas,"341,00"
Vrijopnaam,2025,12,stroom en gas,"341,00"
Vrijopnaam,2025,1,stroom en gas,"329,00"
Vrijopnaam,2025,2,stroom en gas,"341,00"
Vrijopnaam,2025,3,stroom en gas,"341,00"
Vrijopnaam,2025,4,stroom en gas,"341,00"
Vrijopnaam,2025,5,stroom en gas,
Vrijopnaam,2025,6,stroom en gas,"341,00"
Vrijopnaam,2025,7,stroom en gas,"341,00"
Vrijopnaam,2025,8,stroom en gas,
Vrijopnaam,2025,9,stroom en gas,
Vrijopnaam,2026,1,stroom en gas,"364,00"
Vrijopnaam,2026,2,stroom en gas,"364,00"
Vrijopnaam,2026,3,stroom en gas,"364,00"
Vrijopnaam,2026,4,stroom en gas,"327,00"
Vrijopnaam,2026,5,stroom en gas,"341,00"
Vrijopnaam,2026,6,stroom en gas,"341,00"
Zonneplan,2024,10,stroom,"138,00"
Zonneplan,2024,10,stroom en gas,"306,00"
Zonneplan,2024,11,stroom,"138,00"
Zonneplan,2024,11,stroom en gas,"306,00"
Zonneplan,2024,12,stroom,"138,00"
Zonneplan,2024,12,stroom en gas,"306,00"
Zonneplan,2024,9,stroom,"138,00"
Zonneplan,2024,9,stroom en gas,"306,00"
Zonneplan,2025,10,stroom,"138,00"
Zonneplan,2025,10,stroom en gas,"306,00"
Zonneplan,2025,11,stroom,"138,00"
Zonneplan,2025,11,stroom en gas,"306,00"
Zonneplan,2025,12,stroom,"138,00"
Zonneplan,2025,12,stroom en gas,"306,00"
Zonneplan,2025,1,stroom,"138,00"
Zonneplan,2025,1,stroom en gas,"306,00"
Zonneplan,2025,2,stroom,"138,00"
Zonneplan,2025,2,stroom en gas,"306,00"
Zonneplan,2025,3,stroom,"138,00"
Zonneplan,2025,3,stroom en gas,"306,00"
Zonneplan,2025,4,stroom,"138,00"
Zonneplan,2025,4,stroom en gas,"306,00"
Zonneplan,2025,5,stroom,"138,00"
Zonneplan,2025,5,stroom en gas,"306,00"
Zonneplan,2025,6,stroom,"138,00"
Zonneplan,2025,6,stroom en gas,"306,00"
Zonneplan,2025,7,stroom,"138,00"
Zonneplan,2025,7,stroom en gas,"306,00"
Zonneplan,2025,8,stroom,"138,00"
Zonneplan,2025,8,stroom en gas,"306,00"
Zonneplan,2025,9,stroom,"138,00"
Zonneplan,2025,9,stroom en gas,"306,00"
Zonneplan,2026,1,stroom,"138,00"
Zonneplan,2026,1,stroom en gas,"306,00"
Zonneplan,2026,2,stroom,"138,00"
Zonneplan,2026,2,stroom en gas,"306,00"
Zonneplan,2026,3,stroom,"138,00"
Zonneplan,2026,3,stroom en gas,"306,00"
Zonneplan,2026,4,stroom,"138,00"
Zonneplan,2026,4,stroom en gas,"306,00"
Zonneplan,2026,5,stroom,"150,00"
Zonneplan,2026,5,stroom en gas,"306,00"
Zonneplan,2026,6,stroom,"150,00"
Zonneplan,2026,6,stroom en gas,"306,00"
Zonneplan,2026,7,stroom,"150,00"
Zonneplan,2026,7,stroom en gas,"306,00"
Zonneplan,2026,8,stroom,"138,00"
Zonneplan,2026,8,stroom en gas,"306,00"
Zonneplan,2026,9,stroom,"138,00"
Zonneplan,2026,9,stroom en gas,"306,00"
Zonopnaam,2024,10,stroom,"141,00"
Zonopnaam,2024,11,stroom,"141,00"
Zonopnaam,2024,12,stroom,"141,00"
Zonopnaam,2024,9,stroom,"141,00"
Zonopnaam,2025,10,stroom,"159,00"
Zonopnaam,2025,11,stroom,"159,00"
Zonopnaam,2025,12,stroom,"159,00"
Zonopnaam,2025,1,stroom,"159,00"
Zonopnaam,2025,2,stroom,"159,00"
Zonopnaam,2025,3,stroom,"159,00"
Zonopnaam,2025,4,stroom,"159,00"
Zonopnaam,2025,5,stroom,"159,00"
Zonopnaam,2025,6,stroom,"159,00"
Zonopnaam,2025,7,stroom,"159,00"
Zonopnaam,2025,8,stroom,
Zonopnaam,2025,9,stroom,
Zonopnaam,2026,1,stroom,"159,00"
Zonopnaam,2026,2,stroom,"159,00"
Zonopnaam,2026,3,stroom,"159,00"
Zonopnaam,2026,4,stroom,"151,00"
Zonopnaam,2026,5,stroom,"159,00"
Zonopnaam,2026,6,stroom,"159,00"
Zonopnaam,2026,7,stroom,"160,00"
Zonopnaam,2026,7,stroom en gas,"341,00"
Zonopnaam,2026,8,stroom,"159,00"
Zonopnaam,2026,8,stroom en gas,"341,00"
Zonopnaam,2026,9,stroom,"159,00"
Zonopnaam,2026,9,stroom en gas,"341,00"